manifest_id,source_index_0based,QE_atom_1based,atomic_number,symbol,manifest_groups,archived_local_motion_A
uio66_110111_H2O_s28_f0.010_complex,0,1,40,Zr,node,-4.252488285298264e-05;1.5089087052425981e-05;0.0003753178304274722
uio66_110111_H2O_s28_f0.010_complex,1,2,40,Zr,node,0.00022278880063216397;-0.00033910778923503437;0.00020788378484818773
uio66_110111_H2O_s28_f0.010_complex,2,3,40,Zr,node,-0.00027129594597378553;0.0006067337841765644;-0.000492430322386402
uio66_110111_H2O_s28_f0.010_complex,3,4,40,Zr,node,0.0006916115933866724;-9.568198341488218e-05;0.00013145074869195617
uio66_110111_H2O_s28_f0.010_complex,4,5,40,Zr,node,-0.0004068322624940872;-0.00046767275246869155;-6.036353200518836e-05
uio66_110111_H2O_s28_f0.010_complex,5,6,40,Zr,node,-0.00019374730269798113;0.00028063965388961754;-0.00016185850957602574
uio66_110111_H2O_s28_f0.010_complex,6,7,7,N,amino;moving_amino,0.0004120093625109198;0.0021245940467148707;0.0016561889484970986
uio66_110111_H2O_s28_f0.010_complex,7,8,7,N,amino;moving_amino,1.8608455169063094e-05;0.00018206309929761724;-0.00035812019026100944
uio66_110111_H2O_s28_f0.010_complex,8,9,1,H,node,-0.0004611413489025532;-4.465505965830138e-05;-0.00018760596261320947
uio66_110111_H2O_s28_f0.010_complex,9,10,7,N,amino;moving_amino,-0.0027810942730563206;-0.0006063944723185464;0.0014682830939515648
uio66_110111_H2O_s28_f0.010_complex,10,11,7,N,amino,-0.0023938336991401834;0.0005914594973243462;-0.0007133296470177205
uio66_110111_H2O_s28_f0.010_complex,11,12,1,H,rings_carboxylates,-0.002754632488328449;0.0010462826927929807;-0.0017239477322921932
uio66_110111_H2O_s28_f0.010_complex,12,13,1,H,rings_carboxylates,-0.00011974788700778564;-0.0017538700024791372;-0.0015250352747292102
uio66_110111_H2O_s28_f0.010_complex,13,14,1,H,rings_carboxylates,0.00293105189924366;-0.0012031746567420971;0.0009175822475905684
uio66_110111_H2O_s28_f0.010_complex,14,15,1,H,rings_carboxylates,0.00012836933895717554;-0.0010575904282935273;-0.0010290189541895718
uio66_110111_H2O_s28_f0.010_complex,15,16,1,H,node,-0.0004619398561468794;0.00034838092930537334;-6.009809779546534e-05
uio66_110111_H2O_s28_f0.010_complex,16,17,1,H,rings_carboxylates,0.0017936554039200314;0.0014424747084073413;-0.001821240556940514
uio66_110111_H2O_s28_f0.010_complex,17,18,1,H,rings_carboxylates,0.0013057614094880892;-0.00035286253599527606;0.0008665803749560533
uio66_110111_H2O_s28_f0.010_complex,18,19,1,H,rings_carboxylates,0.0017933818279137388;0.0013695871336191583;-0.0017441882822216332
uio66_110111_H2O_s28_f0.010_complex,19,20,1,H,node,-0.0005416653904527872;3.2430717207413806e-05;0.0003277274214876039
uio66_110111_H2O_s28_f0.010_complex,20,21,1,H,rings_carboxylates,-0.00030321681257798155;0.001724506890847503;0.000604619838365276
uio66_110111_H2O_s28_f0.010_complex,21,22,1,H,rings_carboxylates,-0.000441299230412066;0.0017222571065455365;0.0015357724320589719
uio66_110111_H2O_s28_f0.010_complex,22,23,7,N,amino,0.00016805810158378634;0.0002291145453151936;-0.0007606019510906966
uio66_110111_H2O_s28_f0.010_complex,23,24,1,H,rings_carboxylates,-0.000947493349637322;-0.00028324073112647363;0.00037345664046976407
uio66_110111_H2O_s28_f0.010_complex,24,25,1,H,node,-0.0002077303644606824;0.0002968334362473494;-3.369782765124304e-06
uio66_110111_H2O_s28_f0.010_complex,25,26,1,H,rings_carboxylates,-9.170354693803037e-05;0.0020893573406889723;0.0009389253379292009
uio66_110111_H2O_s28_f0.010_complex,26,27,1,H,rings_carboxylates,-0.0022365197539026362;-0.0007808417843383117;0.0010299902921057462
uio66_110111_H2O_s28_f0.010_complex,27,28,1,H,rings_carboxylates,-0.0030530103132756863;0.0006517793832851264;-0.001986193559181023
uio66_110111_H2O_s28_f0.010_complex,28,29,1,H,rings_carboxylates,0.002632490836579866;-0.0018323927191280138;0.001367913761593324
uio66_110111_H2O_s28_f0.010_complex,29,30,1,H,rings_carboxylates,-0.00016202509110977787;-0.0028953333506554677;-0.0016415424482450662
uio66_110111_H2O_s28_f0.010_complex,30,31,1,H,rings_carboxylates,0.0008814785222360418;-0.0006464086885292394;0.0007607153662926672
uio66_110111_H2O_s28_f0.010_complex,31,32,1,H,rings_carboxylates,-0.0007091890903817936;-0.0002086506550161478;0.0010690256300828576
uio66_110111_H2O_s28_f0.010_complex,32,33,1,H,rings_carboxylates,-0.0005611134285269751;-0.0003470811473865374;0.000743372742969465
uio66_110111_H2O_s28_f0.010_complex,33,34,1,H,rings_carboxylates,5.453596243872497e-05;0.00011416608564710862;-0.0004996118671745837
uio66_110111_H2O_s28_f0.010_complex,34,35,6,C,rings_carboxylates,5.973827940882362e-05;-0.0006873976502295894;0.00022193234932880537
uio66_110111_H2O_s28_f0.010_complex,35,36,6,C,rings_carboxylates,-0.00036862631820137415;-0.0002562328275719967;0.00042569389794759144
uio66_110111_H2O_s28_f0.010_complex,36,37,6,C,rings_carboxylates,-0.0010466779814729912;0.00022926166426865774;-0.0002882775746305318
uio66_110111_H2O_s28_f0.010_complex,37,38,6,C,rings_carboxylates,-0.00018418650794653024;-7.416950878299153e-05;0.0002456301287262856
uio66_110111_H2O_s28_f0.010_complex,38,39,6,C,rings_carboxylates,-2.729269105354133e-05;0.0007539404493096905;-0.000246764678498342
uio66_110111_H2O_s28_f0.010_complex,39,40,6,C,rings_carboxylates,0.0004592114826967494;-0.0002582846185153661;-0.0003676514182492004
uio66_110111_H2O_s28_f0.010_complex,40,41,6,C,rings_carboxylates,0.0018645913922531083;-0.000898738287408681;0.0005392379231731562
uio66_110111_H2O_s28_f0.010_complex,41,42,6,C,rings_carboxylates,0.00022149884610674544;0.0008965275070901649;0.000517770152024847
uio66_110111_H2O_s28_f0.010_complex,42,43,6,C,rings_carboxylates,0.00015588640674953533;-7.23442256761094e-05;-0.00030465012362886523
uio66_110111_H2O_s28_f0.010_complex,43,44,6,C,rings_carboxylates,-2.221105493542075e-05;0.00012208208469625484;-0.0002978711284716458
uio66_110111_H2O_s28_f0.010_complex,44,45,6,C,rings_carboxylates,-0.00029694286710461404;5.914346972228185e-05;0.0004073810547803684
uio66_110111_H2O_s28_f0.010_complex,45,46,6,C,rings_carboxylates,0.00019721036081439994;-0.00046427846003401407;-0.0009615315660388054
uio66_110111_H2O_s28_f0.010_complex,46,47,6,C,rings_carboxylates,6.702073809113543e-05;0.00023158135597138121;-8.989901421803861e-07
uio66_110111_H2O_s28_f0.010_complex,47,48,6,C,rings_carboxylates,-0.0002314007898955121;-0.00019857774653549623;0.00012458954612763287
uio66_110111_H2O_s28_f0.010_complex,48,49,6,C,rings_carboxylates,1.2627206918599225e-05;0.0011939514539941836;1.7002877238307214e-05
uio66_110111_H2O_s28_f0.010_complex,49,50,6,C,rings_carboxylates,-0.0010588236793106869;0.00012854735602256065;-0.0007969465817344219
uio66_110111_H2O_s28_f0.010_complex,50,51,6,C,rings_carboxylates,6.12162082992048e-05;0.00015598068299974935;-0.00026484083476437564
uio66_110111_H2O_s28_f0.010_complex,51,52,6,C,rings_carboxylates,-0.0002832187412119917;-9.999718652882925e-05;-0.00011329900765607209
uio66_110111_H2O_s28_f0.010_complex,52,53,6,C,rings_carboxylates,0.0003538339922973439;-0.0006457523680486095;0.00030119571480706025
uio66_110111_H2O_s28_f0.010_complex,53,54,6,C,rings_carboxylates,6.797996032522255e-05;0.00021659718428660804;0.00016873171868307205
uio66_110111_H2O_s28_f0.010_complex,54,55,6,C,rings_carboxylates,-9.262114887557497e-05;0.0003979967174624714;-7.932006004314947e-05
uio66_110111_H2O_s28_f0.010_complex,55,56,6,C,rings_carboxylates,0.00010020011980789892;0.00020995959259077304;-0.00045604285090424424
uio66_110111_H2O_s28_f0.010_complex,56,57,6,C,rings_carboxylates,0.0004518870672048554;-0.00020945255285672223;-0.00038023066129729455
uio66_110111_H2O_s28_f0.010_complex,57,58,6,C,rings_carboxylates,1.531329401890011e-05;0.00023754315285865837;8.511455841168451e-05
uio66_110111_H2O_s28_f0.010_complex,58,59,6,C,rings_carboxylates,0.0008612402715092077;0.0009786583129122544;-0.0008660403558072479
uio66_110111_H2O_s28_f0.010_complex,59,60,6,C,rings_carboxylates,-8.237158105354563e-05;0.00020256766280605612;-6.417547532085639e-05
uio66_110111_H2O_s28_f0.010_complex,60,61,6,C,rings_carboxylates,0.002037623676036067;-0.0010999143244892668;0.0010193909971955388
uio66_110111_H2O_s28_f0.010_complex,61,62,6,C,rings_carboxylates,-0.0007359078910364284;-0.00016753023131362474;-2.680779023952103e-05
uio66_110111_H2O_s28_f0.010_complex,62,63,6,C,rings_carboxylates,-5.726829400979719e-05;0.0005493805826214763;-0.00026525896949654754
uio66_110111_H2O_s28_f0.010_complex,63,64,6,C,rings_carboxylates,-0.0015377388801122531;0.0003845362468079353;-0.0009582747892030359
uio66_110111_H2O_s28_f0.010_complex,64,65,6,C,rings_carboxylates,-6.387170939585e-05;0.001082241930513798;-7.126877911408276e-05
uio66_110111_H2O_s28_f0.010_complex,65,66,6,C,rings_carboxylates,-0.0016727590583892988;-0.0003366776048399819;0.0004502240177923037
uio66_110111_H2O_s28_f0.010_complex,66,67,6,C,rings_carboxylates,6.089108940917265e-05;0.00022520278313701658;-0.0003422551756860533
uio66_110111_H2O_s28_f0.010_complex,67,68,6,C,rings_carboxylates,-0.0002937255805287956;-2.843403247728321e-05;0.00010137816449666086
uio66_110111_H2O_s28_f0.010_complex,68,69,6,C,rings_carboxylates,-0.0002687750121973901;0.00010615398211181551;-1.757388175368154e-05
uio66_110111_H2O_s28_f0.010_complex,69,70,6,C,rings_carboxylates,-0.001896636083226137;-0.0003904228627410098;0.000763238348251131
uio66_110111_H2O_s28_f0.010_complex,70,71,6,C,rings_carboxylates,0.0011564280256000832;-0.00028981872067864356;0.0005823694797679004
uio66_110111_H2O_s28_f0.010_complex,71,72,6,C,rings_carboxylates,-1.0215803892303185e-05;2.5817042721124978e-05;-0.0001531764331351345
uio66_110111_H2O_s28_f0.010_complex,72,73,6,C,rings_carboxylates,-0.0003747413458465114;-0.0002781642663952274;0.0003664543316214501
uio66_110111_H2O_s28_f0.010_complex,73,74,6,C,rings_carboxylates,-0.0005504238826385214;0.000408413494975927;-8.814578298673344e-05
uio66_110111_H2O_s28_f0.010_complex,74,75,6,C,rings_carboxylates,-0.0004752541018812432;-0.0011155333025574996;-0.0007554940542225571
uio66_110111_H2O_s28_f0.010_complex,75,76,6,C,rings_carboxylates,-0.00043180716162775435;-0.0012258251202486765;-0.0008068244799990983
uio66_110111_H2O_s28_f0.010_complex,76,77,6,C,rings_carboxylates,0.0014104259433527961;-0.0007428311049200905;0.0008997533574680953
uio66_110111_H2O_s28_f0.010_complex,77,78,6,C,rings_carboxylates,0.00012811294148680944;8.152552133348459e-05;-0.00024634559061572264
uio66_110111_H2O_s28_f0.010_complex,78,79,6,C,rings_carboxylates,0.00017577687397836902;-0.00032890039195384213;0.00012787237089166106
uio66_110111_H2O_s28_f0.010_complex,79,80,6,C,rings_carboxylates,-0.0001967099607706283;0.00030133380884459865;-0.00015637505687967254
uio66_110111_H2O_s28_f0.010_complex,80,81,6,C,rings_carboxylates,0.0002243442985066698;0.0013243283489525008;0.0006844519217944859
uio66_110111_H2O_s28_f0.010_complex,81,82,6,C,rings_carboxylates,0.00127366803356684;0.001009311660406335;-0.001052883367568332
uio66_110111_H2O_s28_f0.010_complex,82,83,8,O,rings_carboxylates,0.0003317465860466957;0.0002612042941715723;-0.00013817474685614192
uio66_110111_H2O_s28_f0.010_complex,83,84,8,O,node,-0.00030867515594460804;0.0002569938812181742;-0.00011399824264420506
uio66_110111_H2O_s28_f0.010_complex,84,85,8,O,rings_carboxylates,-9.470268848114452e-05;9.676050346267098e-05;-0.0003093295175252327
uio66_110111_H2O_s28_f0.010_complex,85,86,8,O,rings_carboxylates,-0.00044159722453211237;-0.0002615450769856883;0.0003669125859839066
uio66_110111_H2O_s28_f0.010_complex,86,87,8,O,rings_carboxylates,-8.030268888129901e-05;-0.0005899103537861569;-1.2061887806188073e-05
uio66_110111_H2O_s28_f0.010_complex,87,88,8,O,node,8.178883293415604e-05;0.00016096810819969198;-0.0007181057311148228
uio66_110111_H2O_s28_f0.010_complex,88,89,8,O,rings_carboxylates,-5.494305802737169e-05;0.00024787543285735103;-4.3022007920020165e-05
uio66_110111_H2O_s28_f0.010_complex,89,90,8,O,rings_carboxylates,-7.714134805307063e-05;3.109043488317789e-05;-0.00022354297228351547
uio66_110111_H2O_s28_f0.010_complex,90,91,8,O,rings_carboxylates,0.0004896904109349027;0.00019483536301360496;1.9560250431519905e-05
uio66_110111_H2O_s28_f0.010_complex,91,92,8,O,node,0.00030541122835832846;0.0003751513528792808;-0.00019135127634702562
uio66_110111_H2O_s28_f0.010_complex,92,93,8,O,rings_carboxylates,0.0002152748901001663;0.00017845268727493627;-0.0001900208420314205
uio66_110111_H2O_s28_f0.010_complex,93,94,8,O,rings_carboxylates,-0.00039999053403031815;-0.00034887855629979947;0.00011552413404084898
uio66_110111_H2O_s28_f0.010_complex,94,95,8,O,rings_carboxylates,-0.0004015244077587947;0.0006281027769243034;0.0002353190417731336
uio66_110111_H2O_s28_f0.010_complex,95,96,8,O,rings_carboxylates,0.0002976384829101639;0.0003934182047184246;-0.0009852933884152055
uio66_110111_H2O_s28_f0.010_complex,96,97,8,O,node,0.00020943517741519221;0.00027630145329264144;-0.00019509834358662678
uio66_110111_H2O_s28_f0.010_complex,97,98,8,O,rings_carboxylates,-7.650329750201004e-05;0.00042114263002683095;-0.0002892143832771883
uio66_110111_H2O_s28_f0.010_complex,98,99,8,O,rings_carboxylates,-0.000127916791067643;6.559385898678254e-05;-0.0006215162005294891
uio66_110111_H2O_s28_f0.010_complex,99,100,8,O,rings_carboxylates,0.0002789499966032357;-0.00018941043284333622;-9.711221840310221e-06
uio66_110111_H2O_s28_f0.010_complex,100,101,8,O,node,-0.00026464090039250243;-0.00011817863317749774;-2.5972073065834898e-05
uio66_110111_H2O_s28_f0.010_complex,101,102,8,O,rings_carboxylates,-0.00010756291446038328;-0.00018868146920188641;0.0004017316229389204
uio66_110111_H2O_s28_f0.010_complex,102,103,8,O,rings_carboxylates,-0.0001751606843451251;0.00016891842202918875;0.0004969157149995832
uio66_110111_H2O_s28_f0.010_complex,103,104,8,O,node,0.00015604235234908023;0.00027482044485320023;0.00012431517704195963
uio66_110111_H2O_s28_f0.010_complex,104,105,8,O,rings_carboxylates,-0.0002758351903745885;-0.0005225605394419593;4.3419768796108344e-05
uio66_110111_H2O_s28_f0.010_complex,105,106,8,O,rings_carboxylates,0.0001896664878889471;3.678650197495395e-05;-0.000324972091524008
uio66_110111_H2O_s28_f0.010_complex,106,107,8,O,rings_carboxylates,-0.00016082874132431849;0.0003469247446143223;-0.00013409803917359872
uio66_110111_H2O_s28_f0.010_complex,107,108,8,O,rings_carboxylates,-0.00030341743983323494;-4.0229894996931165e-05;-9.558568020414289e-05
uio66_110111_H2O_s28_f0.010_complex,108,109,8,O,rings_carboxylates,-0.0005773597542126178;0.000260894811314453;-0.00030900165559917997
uio66_110111_H2O_s28_f0.010_complex,109,110,8,O,node,-0.0005377352673955708;0.0002059564173274945;-0.00019695027852624966
uio66_110111_H2O_s28_f0.010_complex,110,111,8,O,rings_carboxylates,0.00032698799335169804;0.0003567547998197066;-9.766264459661519e-06
uio66_110111_H2O_s28_f0.010_complex,111,112,8,O,node,0.00020971690249401345;0.0008529701905596689;-0.0007253203378544033
uio66_110111_H2O_s28_f0.010_complex,112,113,8,O,rings_carboxylates,0.00036664353395584226;-0.000701464753850208;-4.4802717942123614e-05
uio66_110111_H2O_s28_f0.010_complex,113,114,8,O,rings_carboxylates,0.0003645710792928488;0.00012543443032579185;-0.0004734201514414356
uio66_110111_H2O_s28_f0.010_complex,114,115,1,H,amino,-0.0024371145874890012;0.0004789792316538902;-0.0004155345535158024
uio66_110111_H2O_s28_f0.010_complex,115,116,1,H,amino,-0.002197846933237694;0.0013730263914718914;-0.0007768250373677196
uio66_110111_H2O_s28_f0.010_complex,116,117,1,H,amino,0.0004748030158528611;0.00042221298887549585;-0.0001704573963555352
uio66_110111_H2O_s28_f0.010_complex,117,118,1,H,amino,-0.0010545004508154912;0.0002623658062172277;0.0008450119045543639
uio66_110111_H2O_s28_f0.010_complex,118,119,1,H,amino;moving_amino,-2.4363674280418037e-05;0.000162869761576682;-0.0003286792064803497
uio66_110111_H2O_s28_f0.010_complex,119,120,1,H,amino;moving_amino,-0.0001806405108861024;-0.0009465174637928916;-0.000836773893145922
uio66_110111_H2O_s28_f0.010_complex,120,121,1,H,amino;moving_amino,0.000328279694106944;0.0036098492443367527;0.0021170037495418606
uio66_110111_H2O_s28_f0.010_complex,121,122,1,H,amino;moving_amino,0.00035735993590909243;0.0022383851925648437;0.0013167454441524267
uio66_110111_H2O_s28_f0.010_complex,122,123,1,H,amino;moving_amino,-0.0027928248629602113;-0.0012900818959072542;0.0019346856558210372
uio66_110111_H2O_s28_f0.010_complex,123,124,1,H,amino;moving_amino,-0.004462358530114822;-0.001580017223507942;0.002222443434826952
uio66_110111_H2O_s28_f0.010_complex,124,125,8,O,guest,0.0014692694647540823;0.0037709725899427817;-0.0005115548422812329
uio66_110111_H2O_s28_f0.010_complex,125,126,1,H,guest,0.00015198839249327048;0.00378253030309376;-0.000544979980380352
uio66_110111_H2O_s28_f0.010_complex,126,127,1,H,guest,0.002030149346713491;0.003685351216214864;0.0007975111936199633
uio66_110111_H2O_s28_f0.005_complex,0,1,40,Zr,node,-8.659546468455422e-05;-8.399758993012559e-05;-5.349491584638599e-05
uio66_110111_H2O_s28_f0.005_complex,1,2,40,Zr,node,-0.00011066586042337194;-2.5652729921906335e-05;-0.00013143378055247013
uio66_110111_H2O_s28_f0.005_complex,2,3,40,Zr,node,2.6984059938210222e-05;8.535218618514288e-05;0.00010758592361526098
uio66_110111_H2O_s28_f0.005_complex,3,4,40,Zr,node,0.00010693271512233574;-8.434695958688583e-05;5.820515252707992e-05
uio66_110111_H2O_s28_f0.005_complex,4,5,40,Zr,node,6.837030893317812e-05;2.094913922216316e-05;-6.416269934561569e-05
uio66_110111_H2O_s28_f0.005_complex,5,6,40,Zr,node,-5.025758885797871e-06;8.769595403161172e-05;8.330031960213091e-05
uio66_110111_H2O_s28_f0.005_complex,6,7,7,N,amino;moving_amino,-7.450778533287426e-05;-0.00043042032378555933;-0.00027649668663798366
uio66_110111_H2O_s28_f0.005_complex,7,8,7,N,amino;moving_amino,0.00011635454181183985;0.00013092376426963406;0.00021501763512787875
uio66_110111_H2O_s28_f0.005_complex,8,9,1,H,node,1.257153022985829e-05;1.4063151562974477e-05;2.5782008378882892e-05
uio66_110111_H2O_s28_f0.005_complex,9,10,7,N,amino;moving_amino,0.00035712815558023675;0.0003656750861106654;-0.0002388287775829667
uio66_110111_H2O_s28_f0.005_complex,10,11,7,N,amino,0.0002561265425053231;-6.024574289161439e-05;0.00013840973224432673
uio66_110111_H2O_s28_f0.005_complex,11,12,1,H,rings_carboxylates,0.0004610805478174977;-0.00026196164875121514;0.0005187957485759398
uio66_110111_H2O_s28_f0.005_complex,12,13,1,H,rings_carboxylates,-1.7445789429378604e-05;0.00038061702177098294;0.00033349713157804217
uio66_110111_H2O_s28_f0.005_complex,13,14,1,H,rings_carboxylates,-0.00027272335167557077;0.0001715305926760872;-9.794727702683304e-05
uio66_110111_H2O_s28_f0.005_complex,14,15,1,H,rings_carboxylates,-1.0212010541484531e-05;-0.00011456998511979084;-9.657170630816836e-05
uio66_110111_H2O_s28_f0.005_complex,15,16,1,H,node,1.679546373149303e-05;-3.365737105317143e-05;-0.00017505190953670535
uio66_110111_H2O_s28_f0.005_complex,16,17,1,H,rings_carboxylates,-0.00011347235734623005;7.171375652130034e-05;7.699092930124607e-05
uio66_110111_H2O_s28_f0.005_complex,17,18,1,H,rings_carboxylates,3.9101257849930945e-05;0.00014937805205287685;-0.00015635866475349758
uio66_110111_H2O_s28_f0.005_complex,18,19,1,H,rings_carboxylates,-8.657712927136647e-05;-0.00015883704221171985;0.00034178892929048743
uio66_110111_H2O_s28_f0.005_complex,19,20,1,H,node,-9.611515300396904e-05;3.470881271520435e-05;-2.558017968112835e-06
uio66_110111_H2O_s28_f0.005_complex,20,21,1,H,rings_carboxylates,1.872450563193223e-05;0.0002741483996639242;0.00024416487394773867
uio66_110111_H2O_s28_f0.005_complex,21,22,1,H,rings_carboxylates,-0.00021108571703128592;-0.00036283340053463076;-0.0002603020639071474
uio66_110111_H2O_s28_f0.005_complex,22,23,7,N,amino,0.0006311986941606543;0.00025585556538014015;-0.0008090051069302717
uio66_110111_H2O_s28_f0.005_complex,23,24,1,H,rings_carboxylates,-3.32875718716726e-05;-1.429382321778879e-05;-9.664213030191604e-05
uio66_110111_H2O_s28_f0.005_complex,24,25,1,H,node,2.8823720337337994e-05;5.3160930444088685e-05;0.00017256856335734483
uio66_110111_H2O_s28_f0.005_complex,25,26,1,H,rings_carboxylates,0.00011420662819242955;-0.00010304344944718953;-0.0002328495120309526
uio66_110111_H2O_s28_f0.005_complex,26,27,1,H,rings_carboxylates,0.0003318639934756599;0.00020363936452364822;-0.00026262198844051454
uio66_110111_H2O_s28_f0.005_complex,27,28,1,H,rings_carboxylates,0.0003118228629925094;-0.0003215608220064799;0.0002601892101665726
uio66_110111_H2O_s28_f0.005_complex,28,29,1,H,rings_carboxylates,-0.0001443945223703243;0.0002541326622728472;0.00015309399714169558
uio66_110111_H2O_s28_f0.005_complex,29,30,1,H,rings_carboxylates,-0.00014625379147522222;0.00013496360876767236;0.00017147728613053914
uio66_110111_H2O_s28_f0.005_complex,30,31,1,H,rings_carboxylates,6.647860224499405e-05;2.8045516652734135e-06;-0.00013963579294795636
uio66_110111_H2O_s28_f0.005_complex,31,32,1,H,rings_carboxylates,0.00012470481275765147;6.915835653368656e-05;-0.00012510574924817774
uio66_110111_H2O_s28_f0.005_complex,32,33,1,H,rings_carboxylates,-4.564226431587784e-05;3.198179835332363e-05;0.00015931613415887114
uio66_110111_H2O_s28_f0.005_complex,33,34,1,H,rings_carboxylates,0.00038566606205373916;2.4221574828212998e-05;-0.00042822319119295566
uio66_110111_H2O_s28_f0.005_complex,34,35,6,C,rings_carboxylates,4.466561010000684e-05;-8.904569297859173e-05;-0.00010516541988181416
uio66_110111_H2O_s28_f0.005_complex,35,36,6,C,rings_carboxylates,0.00013205198744496255;6.801978558238866e-05;-0.00010711921095207798
uio66_110111_H2O_s28_f0.005_complex,36,37,6,C,rings_carboxylates,0.0001307446142770156;-4.865653939608213e-05;7.843396269890945e-05
uio66_110111_H2O_s28_f0.005_complex,37,38,6,C,rings_carboxylates,-4.519600800752709e-05;1.3909803935045302e-05;0.0002474290868121898
uio66_110111_H2O_s28_f0.005_complex,38,39,6,C,rings_carboxylates,0.0001211379928160265;0.0002735160025319298;0.00012379060899547767
uio66_110111_H2O_s28_f0.005_complex,39,40,6,C,rings_carboxylates,-1.9808831287567344e-05;-1.6853656082579015e-05;-3.715049570018891e-05
uio66_110111_H2O_s28_f0.005_complex,40,41,6,C,rings_carboxylates,-6.616278581835404e-05;7.368856419513274e-05;2.3971984774107113e-05
uio66_110111_H2O_s28_f0.005_complex,41,42,6,C,rings_carboxylates,-8.752428432975042e-05;-0.0001858602980367626;-8.646109381515998e-05
uio66_110111_H2O_s28_f0.005_complex,42,43,6,C,rings_carboxylates,0.00013448749784098862;-0.00012120287904811751;4.722561911307821e-06
uio66_110111_H2O_s28_f0.005_complex,43,44,6,C,rings_carboxylates,0.0003671121082030975;8.487733536336846e-05;-0.0005114953328302362
uio66_110111_H2O_s28_f0.005_complex,44,45,6,C,rings_carboxylates,-8.239664051264599e-05;2.8824989537194298e-05;0.0001231759652000619
uio66_110111_H2O_s28_f0.005_complex,45,46,6,C,rings_carboxylates,-1.2521072070133726e-05;7.429126814410363e-05;2.3159684133133848e-05
uio66_110111_H2O_s28_f0.005_complex,46,47,6,C,rings_carboxylates,0.00013137768079711048;-9.956537572482679e-06;-8.478052222926635e-05
uio66_110111_H2O_s28_f0.005_complex,47,48,6,C,rings_carboxylates,0.00026108168791931036;0.00011075512990525262;-0.000346224836903275
uio66_110111_H2O_s28_f0.005_complex,48,49,6,C,rings_carboxylates,0.0001323298635422058;-6.474959703458201e-05;-0.00012872578554379288
uio66_110111_H2O_s28_f0.005_complex,49,50,6,C,rings_carboxylates,0.00031939556326202967;-0.0002001720484562005;0.0002879652656702092
uio66_110111_H2O_s28_f0.005_complex,50,51,6,C,rings_carboxylates,-1.635348629254925e-05;-9.312294317472454e-05;-4.130977868044283e-05
uio66_110111_H2O_s28_f0.005_complex,51,52,6,C,rings_carboxylates,0.00011416114981936212;2.4251950587010195e-06;-0.0002158235820388654
uio66_110111_H2O_s28_f0.005_complex,52,53,6,C,rings_carboxylates,0.00011820008118471985;-7.948039895685118e-05;2.053485695796553e-05
uio66_110111_H2O_s28_f0.005_complex,53,54,6,C,rings_carboxylates,0.00011935903209329506;-1.30637807463548e-05;-6.492503052868415e-05
uio66_110111_H2O_s28_f0.005_complex,54,55,6,C,rings_carboxylates,0.00011265601612346171;0.0002709915653819432;0.00013245562695374247
uio66_110111_H2O_s28_f0.005_complex,55,56,6,C,rings_carboxylates,8.269454398638724e-05;-0.0001087928165664683;-6.31291277386481e-05
uio66_110111_H2O_s28_f0.005_complex,56,57,6,C,rings_carboxylates,0.00011124306153457533;-6.395312705838781e-05;0.00014594787171517964
uio66_110111_H2O_s28_f0.005_complex,57,58,6,C,rings_carboxylates,0.00011247027911546559;-6.974902392660928e-05;-8.102457104541827e-05
uio66_110111_H2O_s28_f0.005_complex,58,59,6,C,rings_carboxylates,8.77089457086792e-05;-4.4572402506067504e-05;0.00015351447473221924
uio66_110111_H2O_s28_f0.005_complex,59,60,6,C,rings_carboxylates,0.00021595353579565801;1.9319883146332963e-05;-0.0002260280834889272
uio66_110111_H2O_s28_f0.005_complex,60,61,6,C,rings_carboxylates,-1.6095371696186092e-05;4.02603138051442e-05;0.0001908492176880827
uio66_110111_H2O_s28_f0.005_complex,61,62,6,C,rings_carboxylates,0.0001484290766408473;-5.458101698726144e-05;8.578417146054562e-05
uio66_110111_H2O_s28_f0.005_complex,62,63,6,C,rings_carboxylates,9.565427505246289e-05;0.00015869864106813714;0.00012619468725461047
uio66_110111_H2O_s28_f0.005_complex,63,64,6,C,rings_carboxylates,0.0002454858765001215;-0.00014753340550062907;0.0003822883936663857
uio66_110111_H2O_s28_f0.005_complex,64,65,6,C,rings_carboxylates,0.00015490416232447995;0.00016675110343082147;4.053793054481502e-05
uio66_110111_H2O_s28_f0.005_complex,65,66,6,C,rings_carboxylates,0.0002618686409429453;7.425823529653523e-05;-6.911379932716954e-05
uio66_110111_H2O_s28_f0.005_complex,66,67,6,C,rings_carboxylates,0.00041617298817679194;6.793384560902874e-05;-0.0004661930670408765
uio66_110111_H2O_s28_f0.005_complex,67,68,6,C,rings_carboxylates,-8.452545474331895e-05;0.00010286958528619532;0.00016571718697377946
uio66_110111_H2O_s28_f0.005_complex,68,69,6,C,rings_carboxylates,0.00010790113416684714;5.1173822763909506e-05;5.308468644216191e-05
uio66_110111_H2O_s28_f0.005_complex,69,70,6,C,rings_carboxylates,0.0002080889241066567;0.00013106996736193347;-7.090518374752718e-05
uio66_110111_H2O_s28_f0.005_complex,70,71,6,C,rings_carboxylates,7.825096478579023e-05;6.211965698336522e-05;-5.30444649484707e-05
uio66_110111_H2O_s28_f0.005_complex,71,72,6,C,rings_carboxylates,2.1784693368924024e-05;-3.1990882083240045e-05;0.00011836804878839757
uio66_110111_H2O_s28_f0.005_complex,72,73,6,C,rings_carboxylates,0.00016195817412760027;9.983166925546053e-05;-0.0002143586407328257
uio66_110111_H2O_s28_f0.005_complex,73,74,6,C,rings_carboxylates,0.0002141655274196334;4.616804759886387e-05;2.6839119527721778e-05
uio66_110111_H2O_s28_f0.005_complex,74,75,6,C,rings_carboxylates,-9.258629900917485e-05;0.00015697319137567925;0.00021098281104059424
uio66_110111_H2O_s28_f0.005_complex,75,76,6,C,rings_carboxylates,-6.340401917744505e-05;4.415055551968786e-05;0.00010111180563399103
uio66_110111_H2O_s28_f0.005_complex,76,77,6,C,rings_carboxylates,6.767902133712293e-05;1.3631981043242034e-06;-9.287983448302839e-05
uio66_110111_H2O_s28_f0.005_complex,77,78,6,C,rings_carboxylates,-1.9535003351241615e-06;2.73476845601787e-05;-7.381120849458966e-05
uio66_110111_H2O_s28_f0.005_complex,78,79,6,C,rings_carboxylates,8.758796654243875e-05;-4.533356589793888e-05;0.00024803348605928477
uio66_110111_H2O_s28_f0.005_complex,79,80,6,C,rings_carboxylates,0.00013724011629771365;0.00019583937789017605;-3.8856995161040686e-05
uio66_110111_H2O_s28_f0.005_complex,80,81,6,C,rings_carboxylates,-7.062175457879981e-05;-0.00030210261214354733;-0.0002831426627381006
uio66_110111_H2O_s28_f0.005_complex,81,82,6,C,rings_carboxylates,5.517348442178143e-05;-8.665741309717664e-08;0.00016420701831521
uio66_110111_H2O_s28_f0.005_complex,82,83,8,O,rings_carboxylates,5.7002428244838185e-05;4.942102956799015e-06;-7.450502198480535e-05
uio66_110111_H2O_s28_f0.005_complex,83,84,8,O,node,7.145023009040113e-05;3.81737255944851e-05;0.00013607953405880835
uio66_110111_H2O_s28_f0.005_complex,84,85,8,O,rings_carboxylates,0.00017385928337413742;0.0002904129297955175;8.484010868414771e-05
uio66_110111_H2O_s28_f0.005_complex,85,86,8,O,rings_carboxylates,-7.324833162177429e-05;-0.00011922643792180072;0.00016008066268113907
uio66_110111_H2O_s28_f0.005_complex,86,87,8,O,rings_carboxylates,-0.00014440520347610192;-5.326395951973003e-05;-0.00012102501386834774
uio66_110111_H2O_s28_f0.005_complex,87,88,8,O,node,-0.00014744016546804534;2.951877756155833e-05;-0.00016415037134720478
uio66_110111_H2O_s28_f0.005_complex,88,89,8,O,rings_carboxylates,0.00014588763557791634;0.00013927317301446843;6.456407390942331e-05
uio66_110111_H2O_s28_f0.005_complex,89,90,8,O,rings_carboxylates,8.462704560467196e-05;2.2753083764352287e-05;-0.00016160448467417154
uio66_110111_H2O_s28_f0.005_complex,90,91,8,O,rings_carboxylates,-3.621019307805304e-05;0.0001684023820113604;1.4297414054453839e-05
uio66_110111_H2O_s28_f0.005_complex,91,92,8,O,node,-9.593201715082007e-05;1.936204732070716e-05;-3.2536308935959823e-05
uio66_110111_H2O_s28_f0.005_complex,92,93,8,O,rings_carboxylates,-2.063352743183103e-06;1.217634477749622e-05;6.194559864525218e-05
uio66_110111_H2O_s28_f0.005_complex,93,94,8,O,rings_carboxylates,-5.502838788136917e-05;8.617659583857555e-05;0.00014636411469837185
uio66_110111_H2O_s28_f0.005_complex,94,95,8,O,rings_carboxylates,7.756532219597526e-05;5.775919377507912e-05;0.0003573444319044938
uio66_110111_H2O_s28_f0.005_complex,95,96,8,O,rings_carboxylates,0.00012307470721376984;3.7065148414209626e-06;0.0001039821345329983
uio66_110111_H2O_s28_f0.005_complex,96,97,8,O,node,9.306635153431368e-05;4.603557787656124e-05;3.143544745398685e-05
uio66_110111_H2O_s28_f0.005_complex,97,98,8,O,rings_carboxylates,0.00012104546810102573;-0.00014777505460491133;4.4358785089571876e-08
uio66_110111_H2O_s28_f0.005_complex,98,99,8,O,rings_carboxylates,0.00015997256529468967;0.00021362947260665047;-9.245165165339131e-05
uio66_110111_H2O_s28_f0.005_complex,99,100,8,O,rings_carboxylates,0.00010634508695754144;-5.821404814317551e-05;-8.03317398094805e-05
uio66_110111_H2O_s28_f0.005_complex,100,101,8,O,node,-4.903341353686602e-05;-2.2210550772191105e-05;-3.3904891097336076e-05
uio66_110111_H2O_s28_f0.005_complex,101,102,8,O,rings_carboxylates,-0.00013251234516549926;-5.6627394618165746e-05;0.000271148723186343
uio66_110111_H2O_s28_f0.005_complex,102,103,8,O,rings_carboxylates,-0.00011591790856376367;-2.9857909642790524e-05;5.706506817659828e-05
uio66_110111_H2O_s28_f0.005_complex,103,104,8,O,node,0.00013439364526372324;-2.13914562057956e-05;-4.9709260565578e-05
uio66_110111_H2O_s28_f0.005_complex,104,105,8,O,rings_carboxylates,0.0001594350903057299;-0.00013205540638712895;-2.6508050723350607e-05
uio66_110111_H2O_s28_f0.005_complex,105,106,8,O,rings_carboxylates,0.00016696051140267323;-3.343186366085623e-05;-1.6136455087689674e-06
uio66_110111_H2O_s28_f0.005_complex,106,107,8,O,rings_carboxylates,9.271616515131122e-05;-7.625689507525142e-05;-4.589325362758245e-05
uio66_110111_H2O_s28_f0.005_complex,107,108,8,O,rings_carboxylates,7.494468733663476e-05;-3.212607983490063e-06;-0.00014618051682191435
uio66_110111_H2O_s28_f0.005_complex,108,109,8,O,rings_carboxylates,4.185671211113609e-05;-5.1046604160850016e-05;-0.00014373196790984366
uio66_110111_H2O_s28_f0.005_complex,109,110,8,O,node,-3.7561770416990188e-06;-6.827340151479196e-05;-0.00011975029519817326
uio66_110111_H2O_s28_f0.005_complex,110,111,8,O,rings_carboxylates,0.0002656006833300732;0.00022526812351012873;-4.645092667487915e-05
uio66_110111_H2O_s28_f0.005_complex,111,112,8,O,node,6.0003395143818736e-05;-0.0001719850905222605;-3.789516085817013e-06
uio66_110111_H2O_s28_f0.005_complex,112,113,8,O,rings_carboxylates,7.446614896859202e-06;-1.6793814969181163e-05;-1.465292189095635e-05
uio66_110111_H2O_s28_f0.005_complex,113,114,8,O,rings_carboxylates,-6.613742183011102e-05;-7.422700476430084e-05;-9.25000804272713e-05
uio66_110111_H2O_s28_f0.005_complex,114,115,1,H,amino,0.0003553885905300073;3.944989354446714e-07;0.00012199093725939747
uio66_110111_H2O_s28_f0.005_complex,115,116,1,H,amino,-2.255257307600307e-05;-0.00011893238737078111;1.0101377483806573e-05
uio66_110111_H2O_s28_f0.005_complex,116,117,1,H,amino,0.0004517523044948272;0.00011740635197080944;-0.0002639242393343011
uio66_110111_H2O_s28_f0.005_complex,117,118,1,H,amino,0.0002182207678439833;0.0002672939819300761;-9.685935401648749e-05
uio66_110111_H2O_s28_f0.005_complex,118,119,1,H,amino;moving_amino,9.187071342845835e-05;0.00010934338312533025;0.00022328894374368244
uio66_110111_H2O_s28_f0.005_complex,119,120,1,H,amino;moving_amino,0.00021632359099991544;6.501798012929309e-05;0.00020362370378279593
uio66_110111_H2O_s28_f0.005_complex,120,121,1,H,amino;moving_amino,-0.00014329669678166584;-0.0007491320928541731;-0.0003433068868616828
uio66_110111_H2O_s28_f0.005_complex,121,122,1,H,amino;moving_amino,-0.00011585997738923965;-0.0006611421329883645;-0.00034461260111129377
uio66_110111_H2O_s28_f0.005_complex,122,123,1,H,amino;moving_amino,0.0004563061517425619;0.0003918022058921148;-0.0004064389449922601
uio66_110111_H2O_s28_f0.005_complex,123,124,1,H,amino;moving_amino,0.00019187661352286042;0.00027039278317412635;-0.00021865289636480156
uio66_110111_H2O_s28_f0.005_complex,124,125,8,O,guest,-6.216895447626782e-05;-4.3996121197172514e-05;0.0005399994024628539
uio66_110111_H2O_s28_f0.005_complex,125,126,1,H,guest,-0.0009326704315147555;0.00019601712953469055;0.0006640630945184967
uio66_110111_H2O_s28_f0.005_complex,126,127,1,H,guest,0.00027012736215207645;-7.16771017626646e-05;0.0012232023927936095
